No,Question,Answer
1,"Apa itu Program Studi Informatika UMM?","Program Studi Informatika UMM adalah program pendidikan tinggi di bidang teknologi informasi dan komputer yang berada di bawah naungan Universitas Muhammadiyah Malang. Program ini menyelenggarakan pendidikan sarjana (S1) dalam bidang informatika dan teknologi komputer."
2,"Dimana lokasi Program Studi Informatika UMM?","Program Studi Informatika UMM berlokasi di Universitas Muhammadiyah Malang, Jalan Raya Tlogomas No. 246, Tlogomas, Lowokwaru, Kota Malang, Jawa Timur."
3,"Apa visi Program Studi Informatika UMM?","Visi Program Studi Informatika UMM adalah menjadi program studi yang unggul dalam bidang informatika dan teknologi informasi yang berlandaskan nilai-nilai Islam untuk kemajuan bangsa dan negara."
4,"Apa misi Program Studi Informatika UMM?","Misi Program Studi Informatika UMM meliputi: menyelenggarakan pendidikan tinggi berkualitas, mengembangkan penelitian inovatif, melaksanakan pengabdian masyarakat, dan menghasilkan lulusan yang kompeten di bidang informatika."
5,"Mata kuliah apa saja yang dipelajari di Informatika UMM?","Mata kuliah di Informatika UMM meliputi Algoritma dan Pemrograman, Struktur Data, Basis Data, Jaringan Komputer, Rekayasa Perangkat Lunak, Kecerdasan Buatan, Sistem Operasi, Pemrograman Web, Mobile Programming, dan mata kuliah lainnya sesuai kurikulum terkini."
6,"Berapa lama masa studi di Program Studi Informatika UMM?","Masa studi normal di Program Studi Informatika UMM adalah 4 tahun (8 semester) untuk menyelesaikan program sarjana (S1) dengan total 144-150 SKS."
7,"Apa gelar yang diperoleh lulusan Informatika UMM?","Lulusan Program Studi Informatika UMM akan memperoleh gelar Sarjana Komputer (S.Kom)."
8,"Bagaimana cara mendaftar di Program Studi Informatika UMM?","Pendaftaran dapat dilakukan melalui jalur SNPMB, Seleksi Mandiri UMM, atau jalur lainnya sesuai ketentuan yang berlaku. Informasi lengkap dapat diperoleh melalui website resmi UMM atau langsung menghubungi bagian admisi."
9,"Apa saja fasilitas yang tersedia di Program Studi Informatika UMM?","Fasilitas meliputi laboratorium komputer, laboratorium jaringan, laboratorium multimedia, perpustakaan digital, akses internet, ruang kuliah ber-AC, dan fasilitas pendukung pembelajaran lainnya."
10,"Siapa saja dosen di Program Studi Informatika UMM?","Program Studi Informatika UMM memiliki dosen-dosen berkualifikasi S2 dan S3 dari berbagai universitas ternama dengan keahlian di bidang informatika, teknologi informasi, dan bidang terkait."
11,"Apa saja prospek karir lulusan Informatika UMM?","Lulusan dapat bekerja sebagai software developer, system analyst, database administrator, network administrator, IT consultant, data scientist, mobile app developer, web developer, atau berwirausaha di bidang teknologi."
12,"Apakah ada program magang di Informatika UMM?","Ya, Program Studi Informatika UMM menyelenggarakan program magang atau praktik kerja lapangan (PKL) di perusahaan-perusahaan teknologi untuk memberikan pengalaman kerja nyata kepada mahasiswa."
13,"Bagaimana sistem pembelajaran di Informatika UMM?","Sistem pembelajaran menggunakan kombinasi teori dan praktik, dengan metode kuliah, praktikum laboratorium, project-based learning, dan penggunaan teknologi pembelajaran terkini."
14,"Apakah ada beasiswa di Program Studi Informatika UMM?","UMM menyediakan berbagai program beasiswa seperti beasiswa prestasi akademik, beasiswa ekonomi, beasiswa tahfidz, dan beasiswa dari pihak eksternal untuk mendukung mahasiswa berprestasi."
15,"Apa saja organisasi mahasiswa di Informatika UMM?","Terdapat Himpunan Mahasiswa Program Studi (HIMAPS) Informatika dan berbagai unit kegiatan mahasiswa (UKM) yang dapat diikuti untuk mengembangkan soft skills dan leadership."
16,"Bagaimana akreditasi Program Studi Informatika UMM?","Program Studi Informatika UMM telah terakreditasi dengan baik oleh BAN-PT sesuai standar nasional pendidikan tinggi Indonesia."
17,"Apakah ada program pertukaran mahasiswa?","UMM memiliki program kerjasama dengan universitas lain baik dalam negeri maupun luar negeri untuk program pertukaran mahasiswa dan berbagai aktivitas akademik internasional."
18,"Bagaimana cara menghubungi Program Studi Informatika UMM?","Dapat menghubungi melalui website resmi informatika.umm.ac.id, email, telepon, atau datang langsung ke kampus UMM di Jalan Raya Tlogomas No. 246, Malang."
19,"Apa saja kegiatan ekstrakurikuler di bidang informatika?","Kegiatan meliputi lomba programming, hackathon, seminar teknologi, workshop, pelatihan sertifikasi, dan proyek pengembangan aplikasi bersama industri."
20,"Apakah ada program double degree?","UMM memiliki program kerjasama dengan universitas lain yang memungkinkan mahasiswa mendapatkan gelar ganda sesuai dengan ketentuan yang berlaku."
21,"Bagaimana sistem evaluasi dan penilaian?","Sistem penilaian menggunakan kombinasi UTS, UAS, tugas, praktikum, project, dan partisipasi kelas dengan skala nilai A-E sesuai standar pendidikan tinggi."
22,"Apa saja penelitian yang dilakukan dosen Informatika UMM?","Penelitian meliputi bidang artificial intelligence, data mining, computer vision, human-computer interaction, software engineering, cybersecurity, dan teknologi informasi terapan."
23,"Apakah ada program sertifikasi tambahan?","Program studi bekerja sama dengan industri untuk menyediakan program sertifikasi tambahan seperti sertifikasi vendor teknologi tertentu untuk meningkatkan kompetensi mahasiswa."
24,"Bagaimana fasilitas perpustakaan untuk mahasiswa Informatika?","Perpustakaan menyediakan koleksi buku teknik informatika, jurnal ilmiah, akses database online, e-book, dan ruang baca yang mendukung kegiatan akademik mahasiswa."
25,"Apa persyaratan masuk Program Studi Informatika UMM?","Persyaratan meliputi lulus SMA/SMK/MA dengan nilai matematika yang baik, lulus tes masuk sesuai jalur yang dipilih, dan memenuhi persyaratan administrasi yang ditetapkan."
26,"Apakah ada program pembelajaran online?","UMM menyediakan platform pembelajaran online (e-learning) yang mendukung kegiatan perkuliahan, terutama untuk materi tertentu dan sebagai pelengkap pembelajaran tatap muka."
27,"Bagaimana sistem bimbingan tugas akhir?","Setiap mahasiswa akan mendapat dosen pembimbing untuk tugas akhir dengan sistem bimbingan terjadwal dan progress monitoring hingga sidang dan wisuda."
28,"Apa saja mata kuliah pilihan yang tersedia?","Mata kuliah pilihan meliputi Computer Graphics, Game Development, Internet of Things, Cloud Computing, Machine Learning, Blockchain Technology, dan bidang spesialisasi lainnya."
29,"Apakah ada laboratorium khusus untuk praktikum?","Ya, tersedia laboratorium pemrograman, laboratorium jaringan, laboratorium multimedia, laboratorium basis data, dan laboratorium khusus lainnya sesuai kebutuhan kurikulum."
30,"Bagaimana sistem kredit semester (SKS) di Informatika UMM?","Sistem SKS mengikuti standar nasional dengan total 144-150 SKS untuk lulus, dengan rata-rata 18-24 SKS per semester dan maksimal 24 SKS per semester."
31,"Apa saja event tahunan Program Studi Informatika UMM?","Event tahunan meliputi seminar nasional, workshop teknologi, kompetisi programming, tech fair, dan kegiatan akademik lainnya yang melibatkan mahasiswa dan industri."
32,"Apakah ada program pelatihan soft skills?","Ya, tersedia program pengembangan soft skills seperti komunikasi, leadership, teamwork, presentation skills, dan entrepreneurship melalui berbagai kegiatan terstruktur."
33,"Bagaimana sistem administrasi akademik mahasiswa?","Sistem administrasi menggunakan SIAKAD (Sistem Informasi Akademik) online untuk registrasi, KRS, nilai, jadwal, dan layanan akademik lainnya yang dapat diakses 24/7."
34,"Apa saja kerjasama industri yang dimiliki Informatika UMM?","Program studi menjalin kerjasama dengan perusahaan teknologi lokal dan nasional untuk program magang, penelitian bersama, guest lecture, dan recruitment lulusan."
35,"Apakah ada program mentoring untuk mahasiswa baru?","Ya, terdapat program pendampingan mahasiswa baru melalui sistem mentoring dari senior dan dosen untuk membantu adaptasi akademik dan sosial."
36,"Bagaimana proses penyusunan skripsi di Informatika UMM?","Proses skripsi dimulai dari pemilihan topik, proposal, penelitian, penulisan, hingga sidang dengan bimbingan intensif dari dosen pembimbing sesuai jadwal yang ditetapkan."
37,"Apa saja keunggulan Program Studi Informatika UMM?","Keunggulan meliputi kurikulum yang selalu update, dosen berpengalaman, fasilitas laboratorium lengkap, kerjasama industri yang kuat, dan track record lulusan yang baik di dunia kerja."
38,"Apakah ada program summer course atau winter course?","UMM menyelenggarakan program kursus singkat pada periode liburan untuk pengayaan materi, sertifikasi tambahan, atau program kerjasama dengan institusi lain."
39,"Bagaimana sistem pembayaran kuliah di UMM?","Sistem pembayaran dapat dilakukan secara cash, cicilan, atau beasiswa dengan berbagai metode pembayaran yang tersedia melalui bank atau payment gateway online."
40,"Apa saja prestasi mahasiswa Informatika UMM?","Mahasiswa Informatika UMM aktif mengikuti berbagai kompetisi programming, hackathon, dan olimpiade teknologi di tingkat regional, nasional, dan internasional dengan berbagai prestasi."
41,"Apakah ada program pertukaran dosen?","UMM memiliki program pertukaran dosen dengan universitas mitra untuk sharing knowledge, penelitian bersama, dan peningkatan kualitas pembelajaran."
42,"Bagaimana fasilitas wifi dan internet di kampus?","Kampus UMM menyediakan akses wifi gratis dengan bandwidth memadai di seluruh area kampus untuk mendukung kegiatan akademik mahasiswa dan dosen."
43,"Apa saja mata kuliah wajib universitas?","Mata kuliah wajib universitas meliputi Pendidikan Agama Islam, Pancasila, Kewarganegaraan, Bahasa Indonesia, Bahasa Inggris, dan mata kuliah pengembangan karakter lainnya."
44,"Apakah ada program akselerasi untuk mahasiswa berprestasi?","UMM menyediakan program akselerasi atau fast track untuk mahasiswa berprestasi yang memungkinkan menyelesaikan studi lebih cepat dengan persyaratan tertentu."
45,"Bagaimana sistem konseling dan bimbingan mahasiswa?","Tersedia layanan konseling akademik dan psikologis melalui dosen wali, konselor profesional, dan pusat bimbingan konseling untuk mendukung kesuksesan mahasiswa."
46,"Apa saja fasilitas olahraga dan rekreasi?","Kampus menyediakan lapangan olahraga, gymnasium, kolam renang, dan berbagai fasilitas rekreasi untuk mendukung kesehatan fisik dan mental mahasiswa."
47,"Apakah ada program entrepreneurship?","UMM memiliki program kewirausahaan melalui pusat inkubator bisnis, pelatihan startup, dan kompetisi business plan untuk mengembangkan jiwa wirausaha mahasiswa."
48,"Bagaimana sistem keamanan kampus?","Kampus UMM menerapkan sistem keamanan 24 jam dengan security, CCTV, access control, dan protokol keamanan untuk menjamin keselamatan sivitas akademika."
49,"Apa saja publikasi ilmiah yang dihasilkan dosen?","Dosen Informatika UMM aktif mempublikasikan penelitian di jurnal nasional dan internasional, conference proceedings, dan book chapter di bidang informatika dan teknologi."
50,"Apakah ada program community service?","Program studi mengadakan kegiatan pengabdian masyarakat seperti pelatihan komputer, digitalisasi UMKM, dan program literasi teknologi untuk masyarakat sekitar."
51,"Bagaimana jadwal perkuliahan di Informatika UMM?","Jadwal perkuliahan umumnya dimulai pukul 07.00 hingga 17.00 WIB dari Senin sampai Jumat, dengan beberapa kelas sabtu untuk mata kuliah tertentu. Jadwal detail dapat diakses melalui SIAKAD."
52,"Apa itu SIAKAD UMM?","SIAKAD (Sistem Informasi Akademik) UMM adalah platform online yang digunakan mahasiswa untuk registrasi semester, pengisian KRS, melihat jadwal kuliah, nilai, transkrip, dan berbagai layanan akademik lainnya."
53,"Apakah ada dress code untuk mahasiswa?","UMM menerapkan dress code sopan dan rapi untuk kegiatan akademik. Mahasiswa diharapkan berpakaian formal atau semi-formal, tidak menggunakan sandal, kaos oblong, atau pakaian terlalu terbuka."
54,"Bagaimana sistem presensi di UMM?","Sistem presensi menggunakan kombinasi absensi manual dan digital. Mahasiswa wajib hadir minimal 75% dari total pertemuan untuk dapat mengikuti ujian akhir semester."
55,"Apa saja lomba yang sering diikuti mahasiswa Informatika UMM?","Mahasiswa aktif mengikuti Gemastik, ICPC, JOINTS, COMPFEST, hackathon berbagai universitas, dan kompetisi programming tingkat nasional serta internasional."
56,"Apakah ada program double major?","UMM menyediakan program studi ganda (double major) bagi mahasiswa berprestasi yang memenuhi persyaratan akademik tertentu untuk mengambil program studi tambahan."
57,"Bagaimana sistem nilai dan IPK di UMM?","Sistem penilaian menggunakan skala A (4.0), A- (3.7), B+ (3.3), B (3.0), B- (2.7), C+ (2.3), C (2.0), C- (1.7), D (1.0), E (0.0). IPK minimal kelulusan adalah 2.0."
58,"Apa saja konsentrasi/peminatan di Informatika UMM?","Konsentrasi yang tersedia meliputi Software Engineering, Data Science & Analytics, Computer Networks & Security, Game Development, dan Mobile Application Development."
59,"Apakah ada program magang ke luar negeri?","UMM memiliki program kerjasama internasional yang memungkinkan mahasiswa mengikuti program magang atau student exchange ke universitas mitra di luar negeri."
60,"Bagaimana fasilitas asrama mahasiswa?","UMM menyediakan asrama mahasiswa dengan fasilitas kamar, internet, kantin, laundry, dan security 24 jam. Tersedia asrama putra dan putri dengan sistem pendaftaran online."
61,"Apa saja software yang dipelajari di Informatika UMM?","Software yang dipelajari meliputi IDE programming (Visual Studio, IntelliJ), database (MySQL, PostgreSQL), design (Adobe Creative Suite), virtualization, dan tools development terkini."
62,"Apakah ada program startup incubator?","UMM memiliki program inkubator startup melalui UMM Technopark yang mendampingi mahasiswa mengembangkan ide bisnis teknologi hingga menjadi perusahaan rintisan."
63,"Bagaimana sistem bimbingan akademik?","Setiap mahasiswa mendapat dosen pembimbing akademik (PA) yang memberikan konsultasi akademik, membantu penyusunan study plan, dan memantau perkembangan studi."
64,"Apa saja bahasa pemrograman yang diajarkan?","Bahasa pemrograman yang diajarkan meliputi Python, Java, C++, JavaScript, PHP, C#, Kotlin, Swift, dan bahasa pemrograman lain sesuai perkembangan teknologi."
65,"Apakah ada program pertukaran mahasiswa dalam negeri?","Ya, UMM memiliki program Merdeka Belajar-Kampus Merdeka (MBKM) yang memungkinkan mahasiswa mengikuti perkuliahan di universitas lain dalam negeri."
66,"Bagaimana proses pengajuan cuti akademik?","Cuti akademik dapat diajukan melalui SIAKAD dengan persyaratan tertentu seperti alasan medis, ekonomi, atau keperluan lain yang disetujui oleh program studi dan fakultas."
67,"Apa saja fasilitas laboratorium komputer?","Laboratorium dilengkapi komputer dengan spesifikasi tinggi, software development terbaru, jaringan internet kecepatan tinggi, proyektor, AC, dan kapasitas 30-40 mahasiswa per lab."
68,"Apakah ada program sertifikasi internasional?","Program studi bekerja sama dengan vendor teknologi global untuk menyediakan sertifikasi internasional seperti Oracle, Microsoft, Cisco, Google, dan AWS untuk mahasiswa."
69,"Bagaimana sistem pembayaran SPP?","SPP dapat dibayar secara tunai, transfer bank, virtual account, atau cicilan sesuai kebijakan keuangan UMM. Tersedia juga program keringanan biaya untuk mahasiswa berprestasi."
70,"Apa saja kegiatan pengembangan diri mahasiswa?","Kegiatan meliputi seminar soft skills, leadership training, public speaking, time management, critical thinking, dan workshop pengembangan karir profesional."
71,"Apakah ada program penelitian mahasiswa?","Mahasiswa dapat terlibat dalam Program Kreativitas Mahasiswa (PKM), penelitian dosen, dan hibah penelitian mandiri dengan bimbingan dosen pembimbing."
72,"Bagaimana sistem perpindahan mahasiswa dari luar?","Mahasiswa transfer dari perguruan tinggi lain dapat mengajukan perpindahan dengan persyaratan konversi mata kuliah, IPK minimal, dan proses seleksi sesuai ketentuan."
73,"Apa saja event teknologi yang rutin diadakan?","Event meliputi IT Festival, Developer Conference, Tech Talk dengan praktisi industri, coding bootcamp, dan workshop teknologi terkini setiap semester."
74,"Apakah ada program kelas karyawan?","UMM menyediakan program kelas karyawan dengan jadwal perkuliahan di akhir pekan atau malam hari untuk mengakomodasi mahasiswa yang sudah bekerja."
75,"Bagaimana sistem evaluasi dosen oleh mahasiswa?","Evaluasi dosen dilakukan setiap semester melalui SIAKAD dengan penilaian terhadap metode mengajar, materi, dan kualitas pembelajaran untuk perbaikan berkelanjutan."
76,"Apa saja mata kuliah yang memiliki praktikum?","Mata kuliah dengan praktikum meliputi Algoritma Pemrograman, Basis Data, Jaringan Komputer, Pemrograman Web, Mobile Programming, Computer Graphics, dan Kecerdasan Buatan."
77,"Apakah ada program remedial atau perbaikan nilai?","Program remedial tersedia untuk mata kuliah tertentu dengan ketentuan khusus. Mahasiswa dapat mengulang mata kuliah yang nilainya di bawah standar sesuai regulasi akademik."
78,"Bagaimana fasilitas tempat parkir di kampus?","Kampus menyediakan area parkir luas untuk kendaraan roda dua dan empat dengan sistem keamanan dan petugas parkir. Parkir gratis untuk civitas akademika UMM."
79,"Apa saja kerjasama internasional Informatika UMM?","Kerjasama meliputi student exchange, joint research, faculty exchange, dan joint degree program dengan universitas di Malaysia, Thailand, Jepang, dan negara lain."
80,"Apakah ada program belajar online?","UMM menggunakan Learning Management System (LMS) untuk blended learning, e-learning, virtual classroom, dan pembelajaran jarak jauh terutama untuk kondisi khusus."
81,"Bagaimana sistem pengumuman dan informasi akademik?","Informasi disampaikan melalui website resmi, SIAKAD, WhatsApp group, email, papan pengumuman, dan media sosial resmi program studi dan universitas."
82,"Apa saja project akhir yang dapat dipilih mahasiswa?","Project akhir dapat berupa aplikasi mobile, web application, sistem informasi, game, AI application, IoT project, atau penelitian teoritis sesuai minat mahasiswa."
83,"Apakah ada program beasiswa untuk mahasiswa berprestasi?","Tersedia beasiswa prestasi akademik, beasiswa hafidz Al-Qur'an, beasiswa ekonomi kurang mampu, dan beasiswa dari sponsor eksternal untuk mendukung pendidikan mahasiswa."
84,"Bagaimana sistem registrasi ulang mahasiswa?","Registrasi ulang dilakukan setiap semester melalui SIAKAD dengan pembayaran SPP, pengisian KRS, dan verifikasi data akademik sesuai kalender akademik yang ditetapkan."
85,"Apa saja ekstrakurikuler teknologi yang tersedia?","Ekstrakurikuler meliputi Robotics Club, Cyber Security Club, Game Development Community, Web Developer Club, dan Data Science Study Group."
86,"Apakah ada program pengabdian masyarakat mahasiswa?","Mahasiswa wajib mengikuti Kuliah Kerja Nyata (KKN) dan dapat berpartisipasi dalam program pengabdian sukarela seperti digitalisasi desa dan pelatihan teknologi masyarakat."
87,"Bagaimana proses wisuda dan kelulusan?","Proses wisuda meliputi penyelesaian seluruh mata kuliah, skripsi, dan persyaratan kelulusan. Wisuda diadakan dua kali setahun dengan prosesi akademik formal."
88,"Apa saja fasilitas kesehatan untuk mahasiswa?","Kampus menyediakan poliklinik dengan dokter dan perawat, layanan kesehatan gratis, asuransi kesehatan mahasiswa, dan rujukan ke rumah sakit mitra jika diperlukan."
89,"Apakah ada program mentoring alumni?","Program mentoring alumni menghubungkan mahasiswa dengan alumni yang sukses di industri untuk sharing pengalaman, career guidance, dan networking profesional."
90,"Bagaimana sistem kehadiran dosen?","Dosen wajib hadir sesuai jadwal yang ditetapkan. Jika ada perubahan jadwal atau dosen berhalangan, akan ada pemberitahuan resmi dan pengaturan kelas pengganti."
91,"Apa saja teknologi terbaru yang dipelajari?","Teknologi terbaru meliputi Artificial Intelligence, Machine Learning, Blockchain, Internet of Things, Cloud Computing, DevOps, Cyber Security, dan Augmented Reality."
92,"Apakah ada program co-op atau work-study?","UMM memiliki program kerjasama dengan industri yang memungkinkan mahasiswa bekerja part-time sambil kuliah atau program magang dengan kredit akademik."
93,"Bagaimana sistem backup data akademik mahasiswa?","Data akademik mahasiswa tersimpan dalam sistem terintegrasi dengan backup otomatis dan sistem keamanan berlapis untuk menjamin integritas dan keamanan data."
94,"Apa saja kompetisi internal yang diadakan?","Kompetisi internal meliputi Programming Contest, Web Design Competition, Mobile App Development, AI Challenge, dan Innovation Competition antar mahasiswa."
95,"Apakah ada program self-development courses?","UMM menyediakan kursus pengembangan diri seperti leadership skills, communication skills, emotional intelligence, dan professional development secara berkala."
96,"Bagaimana sistem feedback dan complaint handling?","Tersedia sistem pengaduan dan feedback melalui website, email, kotak saran, dan saluran komunikasi resmi untuk menampung masukan civitas akademika."
97,"Apa saja benefit menjadi mahasiswa UMM?","Benefit meliputi akses perpustakaan digital, fasilitas olahraga, clinic kesehatan, discount merchant partner, alumni network yang luas, dan career center services."
98,"Apakah ada program creative industry development?","Program studi mengembangkan industri kreatif melalui game development, digital animation, multimedia design, dan creative technology innovation lab."
99,"Bagaimana sistem academic calendar di UMM?","Kalender akademik mengikuti sistem semester dengan dua semester reguler per tahun, semester pendek optional, dan periode cuti akademik sesuai ketentuan Kemendikbud."
100,"Apa saja achievement terbaru Program Studi Informatika UMM?","Achievement meliputi akreditasi program studi, prestasi mahasiswa di kompetisi nasional/internasional, publikasi dosen, kerjasama industri, dan recognition dari berbagai institusi."
101,"Apakah ada program coding bootcamp intensif?","UMM menyelenggarakan coding bootcamp intensif selama liburan semester untuk meningkatkan programming skills mahasiswa dengan fokus teknologi terkini."
102,"Bagaimana sistem monitoring progress akademik mahasiswa?","Progress akademik dipantau melalui early warning system, konsultasi berkala dengan PA, academic dashboard di SIAKAD, dan intervention program untuk mahasiswa berisiko."
103,"Apa saja facility maintenance dan upgrade teknologi?","Fasilitas IT rutin di-maintenance dan upgrade sesuai perkembangan teknologi untuk memastikan pembelajaran menggunakan tools dan environment yang up-to-date."
104,"Apakah ada program dual certification?","Program dual certification memungkinkan mahasiswa mendapat sertifikat dari UMM dan sertifikat profesi dari badan sertifikasi nasional/internasional secara bersamaan."
105,"Bagaimana sistem academic integrity di UMM?","UMM menerapkan strict academic integrity policy dengan sistem anti-plagiarism, honor code, dan sanksi tegas untuk pelanggaran akademik seperti menyontek atau plagiarisme."
106,"Apa saja research group yang aktif di Informatika UMM?","Research group meliputi Software Engineering Research, AI & Machine Learning Lab, Computer Vision Group, HCI Research, Database Systems, dan Network Security Research."
107,"Apakah ada program industry immersion?","Program industry immersion memberikan kesempatan mahasiswa untuk bekerja dalam industri teknologi selama periode tertentu sebagai bagian dari kurikulum akademik."
108,"Bagaimana sistem quality assurance pembelajaran?","Quality assurance meliputi evaluasi kurikulum berkala, feedback mahasiswa dan industri, peer review dosen, dan continuous improvement process sesuai standar internasional."
109,"Apa saja innovation lab yang tersedia?","Innovation lab meliputi AI Lab, IoT Lab, Cybersecurity Lab, Multimedia Lab, Software Development Lab, dan Startup Incubation Center dengan equipment modern."
110,"Apakah ada program international internship?","Program international internship melalui kerjasama dengan perusahaan multinasional dan universitas partner memberikan exposure global kepada mahasiswa terpilih."
111,"Bagaimana sistem career placement assistance?","Career center menyediakan job placement assistance, career counseling, CV review, interview preparation, job fair, dan networking events dengan alumni dan industry partners."
112,"Apa saja digital literacy program untuk mahasiswa?","Program literasi digital meliputi information literacy, digital citizenship, online safety, digital marketing, dan advanced computer skills sesuai kebutuhan era digital."
113,"Apakah ada program green computing initiative?","UMM menerapkan green computing initiative untuk penggunaan teknologi ramah lingkungan, energy-efficient computing, dan sustainable IT practices dalam pembelajaran."
114,"Bagaimana sistem academic advising yang komprehensif?","Academic advising meliputi academic planning, career guidance, personal development coaching, dan holistic support system untuk kesuksesan akademik dan pribadi mahasiswa."
115,"Apa saja smart campus features di UMM?","Smart campus features meliputi IoT sensors, smart classroom, digital signage, mobile apps, contactless access, dan integrated campus management system."
116,"Apakah ada program tech entrepreneurship?","Program tech entrepreneurship mengembangkan startup technology melalui business incubation, seed funding, mentorship, dan ecosystem support untuk mahasiswa entrepreneur."
117,"Bagaimana sistem continuous learning dan upskilling?","Sistem continuous learning menyediakan micro-credentials, professional certifications, skills update workshops, dan lifelong learning opportunities untuk mengikuti perkembangan teknologi."
118,"Apa saja community engagement programs?","Community engagement meliputi tech for social good projects, digital transformation assistance untuk UMKM, educational outreach, dan technology transfer ke masyarakat."
119,"Apakah ada program women in technology?","Program khusus mendukung partisipasi perempuan di bidang teknologi melalui mentorship, scholarship, networking, dan leadership development specifically untuk mahasiswi."
120,"Bagaimana future readiness preparation untuk mahasiswa?","Future readiness preparation meliputi skills forecasting, emerging technology exposure, adaptability training, dan preparation untuk jobs yang belum ada saat ini."
121,"Apa saja academic support services yang tersedia?","Academic support services meliputi tutoring center, writing center, math support lab, study skills workshops, dan academic coaching untuk membantu mahasiswa mencapai potensi maksimal."
122,"Apakah ada program virtual reality dan augmented reality?","Program studi mengintegrasikan VR/AR technology dalam pembelajaran melalui VR Lab, AR development courses, dan immersive learning experiences untuk berbagai mata kuliah."
123,"Bagaimana sistem crisis management dan business continuity?","UMM memiliki crisis management plan dan business continuity system untuk memastikan pembelajaran tetap berjalan dalam situasi darurat seperti pandemi atau bencana alam."
124,"Apa saja industry 4.0 preparations di kurikulum?","Kurikulum disesuaikan dengan Industry 4.0 melalui automation technology, smart manufacturing concepts, cyberphysical systems, dan industrial IoT applications."
125,"Apakah ada program machine learning specialization?","Ya, Program Studi Informatika UMM menyediakan spesialisasi machine learning dengan mata kuliah advanced AI, deep learning, neural networks, dan praktikum menggunakan framework seperti TensorFlow dan PyTorch."
126,"Bagaimana sistem student portfolio development?","Mahasiswa dibimbing mengembangkan portfolio digital melalui GitHub, personal website, project showcase, dan documentation skills untuk meningkatkan employability di industri teknologi."
127,"Apa saja cloud computing certifications yang tersedia?","Tersedia persiapan sertifikasi cloud computing dari AWS, Microsoft Azure, Google Cloud Platform, dan IBM Cloud melalui kerjasama dengan provider resmi."
128,"Apakah ada program blockchain dan cryptocurrency studies?","Program studi menawarkan mata kuliah blockchain technology, cryptocurrency systems, smart contracts, dan decentralized applications (DApps) development."
129,"Bagaimana sistem peer-to-peer learning di kampus?","Sistem peer learning meliputi study groups, coding circles, project collaboration platforms, dan peer tutoring untuk mendorong kolaborasi antar mahasiswa."
130,"Apa saja data science tools yang diajarkan?","Tools data science meliputi Python (Pandas, NumPy, Scikit-learn), R, Jupyter Notebook, Tableau, Power BI, Apache Spark, dan big data processing frameworks."
131,"Apakah ada program game development dengan Unity?","Ya, mata kuliah game development menggunakan Unity Engine, Unreal Engine, dan tools development game modern dengan project-based learning approach."
132,"Bagaimana sistem academic transcript dan certification?","Transkrip akademik dan sertifikat dapat diakses digital melalui SIAKAD dengan verification system dan blockchain-based credential untuk mencegah pemalsuan."
133,"Apa saja mobile development platforms yang dipelajari?","Mobile development mencakup Android Studio (Kotlin/Java), iOS (Swift), Flutter, React Native, dan cross-platform development frameworks terkini."
134,"Apakah ada program cybersecurity penetration testing?","Program cybersecurity meliputi ethical hacking, penetration testing, vulnerability assessment, dan security audit dengan lab khusus dan tools professional."
135,"Bagaimana sistem team project management?","Team projects menggunakan agile methodology, scrum framework, project management tools seperti Jira, Trello, dan collaboration platforms untuk real-world experience."
136,"Apa saja database technologies yang dipelajari?","Database technologies meliputi MySQL, PostgreSQL, MongoDB, Redis, Oracle, database design, optimization, dan big data databases seperti Cassandra dan Neo4j."
137,"Apakah ada program DevOps dan CI/CD?","Ya, program DevOps mencakup containerization (Docker), orchestration (Kubernetes), CI/CD pipelines, infrastructure as code, dan automation tools."
138,"Bagaimana sistem code review dan version control?","Code review menggunakan Git/GitHub workflow, pull request process, code quality standards, dan collaborative development practices sesuai industry standard."
139,"Apa saja web development frameworks yang diajarkan?","Web development frameworks meliputi React.js, Vue.js, Angular, Node.js, Laravel, Django, Spring Boot, dan modern web development stacks."
140,"Apakah ada program Internet of Things (IoT) specialization?","Spesialisasi IoT mencakup sensor networks, embedded systems programming, IoT protocols, edge computing, dan smart city applications."
141,"Bagaimana sistem industry mentorship program?","Industry mentorship menghubungkan mahasiswa dengan professionals di berbagai perusahaan teknologi untuk guidance, networking, dan career development."
142,"Apa saja computer vision applications yang dipelajari?","Computer vision mencakup image processing, object detection, facial recognition, medical imaging, dan deep learning applications menggunakan OpenCV dan TensorFlow."
143,"Apakah ada program software testing dan quality assurance?","Ya, program testing meliputi unit testing, integration testing, automated testing, performance testing, dan quality assurance methodologies."
144,"Bagaimana sistem hackathon dan coding competitions?","UMM rutin mengadakan internal hackathon, mendukung partisipasi mahasiswa dalam coding competitions, dan memberikan coaching untuk persiapan kompetisi."
145,"Apa saja natural language processing courses?","NLP courses mencakup text mining, sentiment analysis, chatbot development, language models, dan aplikasi AI untuk processing bahasa natural."
146,"Apakah ada program human-computer interaction studies?","HCI studies meliputi user experience design, usability testing, interface design principles, accessibility, dan user-centered design methodology."
147,"Bagaimana sistem alumni engagement dan networking?","Alumni network aktif melalui regular meetups, career talks, mentoring programs, dan professional networking events untuk mendukung mahasiswa dan fresh graduates."
148,"Apa saja emerging technologies research areas?","Research areas mencakup quantum computing, edge AI, 6G networks, metaverse technologies, brain-computer interfaces, dan next-generation computing paradigms."
149,"Apakah ada program startup funding dan investment?","UMM menyediakan akses ke startup funding melalui angel investors, venture capital partners, government grants, dan internal seed funding programs."
150,"Bagaimana sistem continuous curriculum update?","Kurikulum diupdate berkala berdasarkan industry feedback, technology trends, alumni input, dan international best practices untuk menjaga relevansi dengan kebutuhan industri."
151,"Apa saja augmented reality development tools?","AR development menggunakan ARCore, ARKit, Unity AR Foundation, Vuforia, dan tools modern untuk membuat aplikasi augmented reality di mobile dan web platforms."
152,"Apakah ada program quantum computing fundamentals?","Program quantum computing mencakup quantum algorithms, quantum programming languages (Qiskit, Cirq), dan aplikasi quantum computing dalam cryptography dan optimization."
153,"Bagaimana sistem microservices architecture learning?","Pembelajaran microservices meliputi service decomposition, API gateway, service mesh, distributed systems, dan container orchestration untuk scalable applications."
154,"Apa saja edge computing applications yang dipelajari?","Edge computing mencakup fog computing, edge AI, distributed processing, latency optimization, dan applications untuk IoT dan real-time systems."
155,"Apakah ada program digital forensics dan investigation?","Digital forensics meliputi evidence collection, data recovery, network forensics, mobile forensics, dan investigation techniques untuk cybersecurity applications."
156,"Bagaimana sistem serverless computing development?","Serverless computing mencakup AWS Lambda, Azure Functions, Google Cloud Functions, dan Function-as-a-Service (FaaS) development patterns."
157,"Apa saja bioinformatics computing applications?","Bioinformatics meliputi DNA sequence analysis, protein modeling, medical data processing, dan computational biology menggunakan specialized algorithms."
158,"Apakah ada program robotics dan automation systems?","Robotics program mencakup robot programming, sensor integration, computer vision for robotics, dan industrial automation systems development."
159,"Bagaimana sistem progressive web applications (PWA)?","PWA development meliputi service workers, offline functionality, push notifications, dan modern web capabilities untuk native-like mobile experiences."
160,"Apa saja cryptocurrency dan DeFi development?","Cryptocurrency development mencakup smart contracts, DeFi protocols, tokenomics, blockchain development, dan decentralized application creation."
161,"Apakah ada program 5G network applications?","5G applications meliputi network slicing, ultra-low latency applications, massive IoT connectivity, dan next-generation mobile services development."
162,"Bagaimana sistem distributed systems programming?","Distributed systems mencakup consensus algorithms, fault tolerance, distributed databases, CAP theorem, dan building scalable distributed applications."
163,"Apa saja computer graphics dan 3D modeling?","Computer graphics meliputi 3D rendering, shader programming, animation systems, WebGL, dan graphics programming menggunakan OpenGL dan DirectX."
164,"Apakah ada program voice AI dan speech recognition?","Voice AI mencakup speech-to-text, text-to-speech, voice assistants, natural language understanding, dan conversational AI development."
165,"Bagaimana sistem high-performance computing (HPC)?","HPC mencakup parallel programming, GPU computing, cluster computing, performance optimization, dan scientific computing applications."
166,"Apa saja smart contract development platforms?","Smart contract development menggunakan Solidity, Ethereum, Polygon, Binance Smart Chain, dan testing frameworks untuk blockchain applications."
167,"Apakah ada program computer networking simulation?","Network simulation menggunakan tools seperti GNS3, Cisco Packet Tracer, NS-3, dan virtual networking untuk network design dan testing."
168,"Bagaimana sistem API development dan management?","API development mencakup RESTful APIs, GraphQL, API security, documentation, versioning, dan API gateway management systems."
169,"Apa saja streaming data processing technologies?","Stream processing mencakup Apache Kafka, Apache Storm, Apache Flink, real-time analytics, dan event-driven architecture patterns."
170,"Apakah ada program neuromorphic computing research?","Neuromorphic computing research mencakup brain-inspired computing, spike neural networks, dan next-generation computing architectures."
171,"Bagaimana sistem computer-aided design (CAD) programming?","CAD programming meliputi geometric modeling, parametric design, computational geometry, dan integration dengan manufacturing systems."
172,"Apa saja digital signal processing applications?","DSP applications mencakup audio processing, image filtering, communication systems, dan real-time signal processing algorithms."
173,"Apakah ada program autonomous vehicle systems?","Autonomous vehicles mencakup computer vision, sensor fusion, path planning, machine learning for autonomy, dan vehicle communication systems."
174,"Bagaimana sistem recommendation systems development?","Recommendation systems mencakup collaborative filtering, content-based filtering, hybrid approaches, dan machine learning for personalization."
175,"Apa saja time series analysis dan forecasting?","Time series analysis mencakup statistical forecasting, ARIMA models, deep learning for sequences, dan applications dalam finance dan IoT."
176,"Apakah ada program explainable AI (XAI)?","Explainable AI mencakup interpretable machine learning, model transparency, fairness in AI, dan ethical AI development practices."
177,"Bagaimana sistem graph databases dan network analysis?","Graph databases mencakup Neo4j, network algorithms, social network analysis, knowledge graphs, dan graph-based machine learning."
178,"Apa saja reinforcement learning applications?","Reinforcement learning mencakup Q-learning, policy gradients, multi-agent systems, game AI, dan applications dalam robotics dan optimization."
179,"Apakah ada program federated learning systems?","Federated learning mencakup distributed machine learning, privacy-preserving AI, edge AI training, dan collaborative learning frameworks."
180,"Bagaimana sistem container security dan DevSecOps?","Container security mencakup Docker security, Kubernetes security policies, vulnerability scanning, dan integration security dalam DevOps pipelines."
181,"Apa saja synthetic data generation techniques?","Synthetic data generation menggunakan GANs, variational autoencoders, privacy-preserving synthetic data, dan applications untuk training AI models."
182,"Apakah ada program digital twin technology?","Digital twin technology mencakup IoT integration, simulation models, real-time monitoring, dan applications dalam smart manufacturing dan cities."
183,"Bagaimana sistem knowledge graph construction?","Knowledge graphs mencakup ontology design, semantic web technologies, entity linking, dan applications dalam search dan recommendation."
184,"Apa saja computational photography techniques?","Computational photography mencakup HDR imaging, depth estimation, super-resolution, dan AI-enhanced photography applications."
185,"Apakah ada program zero-trust security architecture?","Zero-trust security mencakup identity verification, network segmentation, continuous monitoring, dan modern cybersecurity frameworks."
186,"Bagaimana sistem real-time collaboration platforms?","Real-time collaboration mencakup WebRTC, operational transformation, conflict resolution, dan building collaborative applications."
187,"Apa saja automated testing dan continuous integration?","Automated testing mencakup test automation frameworks, behavior-driven development, continuous testing, dan quality assurance automation."
188,"Apakah ada program spatial computing development?","Spatial computing mencakup AR/VR development, 3D spatial interfaces, gesture recognition, dan immersive computing applications."
189,"Bagaimana sistem energy-efficient computing practices?","Green computing mencakup power-aware algorithms, energy optimization, sustainable software development, dan environmental impact of computing."
190,"Apa saja multi-modal AI systems?","Multi-modal AI mencakup vision-language models, cross-modal learning, unified AI architectures, dan applications combining text, image, dan audio."
191,"Apakah ada program privacy-preserving technologies?","Privacy technology mencakup differential privacy, homomorphic encryption, secure multi-party computation, dan privacy-by-design principles."
192,"Bagaimana sistem adaptive user interfaces?","Adaptive UI mencakup personalization algorithms, context-aware interfaces, accessibility features, dan intelligent user experience systems."
193,"Apa saja computational linguistics applications?","Computational linguistics mencakup language models, machine translation, linguistic analysis, dan cross-linguistic AI applications."
194,"Apakah ada program swarm intelligence systems?","Swarm intelligence mencakup particle swarm optimization, ant colony algorithms, collective intelligence, dan distributed problem-solving."
195,"Bagaimana sistem fault-tolerant distributed systems?","Fault tolerance mencakup redundancy patterns, error recovery, system resilience, dan building reliable distributed applications."
196,"Apa saja geometric deep learning applications?","Geometric deep learning mencakup graph neural networks, manifold learning, topological data analysis, dan non-Euclidean data processing."
197,"Apakah ada program affective computing research?","Affective computing mencakup emotion recognition, sentiment analysis, human-computer emotional interaction, dan empathetic AI systems."
198,"Bagaimana sistem automated code generation?","Code generation mencakup AI-powered coding assistants, template engines, code synthesis, dan productivity tools for developers."
199,"Apa saja evolutionary computation algorithms?","Evolutionary computation mencakup genetic algorithms, evolutionary strategies, genetic programming, dan optimization untuk complex problems."
200,"Apakah ada program future technology forecasting?","Technology forecasting mencakup trend analysis, emerging technology assessment, innovation prediction, dan strategic technology planning untuk industry applications."
201,"Bagaimana sistem collaborative filtering algorithms?","Collaborative filtering mencakup user-based dan item-based filtering, matrix factorization, deep learning recommendations, dan cold start problem solutions."
202,"Apa saja adversarial machine learning defenses?","Adversarial ML mencakup robustness testing, attack detection, defensive distillation, dan securing AI models against malicious inputs."
203,"Apakah ada program computational creativity systems?","Computational creativity mencakup generative art, AI music composition, creative writing algorithms, dan AI-human creative collaboration."
204,"Bagaimana sistem real-time data pipeline architecture?","Real-time pipelines mencakup stream processing, event sourcing, lambda architecture, dan building scalable data processing systems."
205,"Apa saja transfer learning dan domain adaptation?","Transfer learning mencakup pre-trained models, fine-tuning techniques, domain adaptation methods, dan efficient learning dengan limited data."
206,"Apakah ada program brain-computer interface development?","BCI development mencakup signal processing, neural decoding, real-time processing, dan applications untuk assistive technology."
207,"Bagaimana sistem automated machine learning (AutoML)?","AutoML mencakup neural architecture search, hyperparameter optimization, automated feature engineering, dan democratizing machine learning."
208,"Apa saja causal inference dan causal AI?","Causal AI mencakup causal discovery, counterfactual reasoning, causal machine learning, dan understanding cause-effect relationships."
209,"Apakah ada program quantum machine learning?","Quantum ML mencakup quantum algorithms for ML, variational quantum circuits, dan potential advantages of quantum computing untuk AI."
210,"Bagaimana sistem distributed ledger technologies?","Distributed ledger mencakup consensus mechanisms, cryptocurrency protocols, permissioned networks, dan applications beyond cryptocurrency."
211,"Apa saja self-supervised learning techniques?","Self-supervised learning mencakup contrastive learning, masked language modeling, auto-encoding approaches, dan learning from unlabeled data."
212,"Apakah ada program computational social science?","Computational social science mencakup social network analysis, computational sociology, digital humanities, dan data-driven social research."
213,"Bagaimana sistem edge AI optimization?","Edge AI mencakup model compression, quantization, pruning, dan deploying AI models pada resource-constrained devices."
214,"Apa saja multi-agent reinforcement learning?","Multi-agent RL mencakup cooperative dan competitive learning, game theory applications, dan coordination dalam multi-agent systems."
215,"Apakah ada program automated software repair?","Automated repair mencakup bug detection, patch generation, code analysis, dan AI-powered debugging tools."
216,"Bagaimana sistem differential privacy implementation?","Differential privacy mencakup privacy budgets, noise addition mechanisms, dan balancing privacy dengan data utility."
217,"Apa saja generative adversarial networks variants?","GAN variants mencakup StyleGAN, CycleGAN, conditional GANs, dan applications dalam image generation dan data augmentation."
218,"Apakah ada program continual learning systems?","Continual learning mencakup catastrophic forgetting prevention, lifelong learning, dan adaptive learning systems."
219,"Bagaimana sistem automated hyperparameter tuning?","Hyperparameter tuning mencakup Bayesian optimization, grid search alternatives, dan efficient parameter space exploration."
220,"Apa saja federated analytics dan privacy?","Federated analytics mencakup distributed statistical analysis, privacy-preserving aggregation, dan collaborative data science."
221,"Apakah ada program neural symbolic reasoning?","Neural symbolic AI mencakup logic integration, symbolic reasoning with neural networks, dan hybrid AI architectures."
222,"Bagaimana sistem streaming analytics platforms?","Streaming analytics mencakup real-time processing frameworks, windowing operations, dan complex event processing."
223,"Apa saja meta-learning dan few-shot learning?","Meta-learning mencakup learning to learn, few-shot classification, dan rapid adaptation to new tasks."
224,"Apakah ada program algorithmic fairness?","Algorithmic fairness mencakup bias detection, fairness metrics, dan building equitable AI systems."
225,"Bagaimana sistem automated data cleaning?","Data cleaning automation mencakup outlier detection, missing value imputation, dan data quality assessment tools."
226,"Apa saja time series anomaly detection?","Anomaly detection mencakup statistical methods, deep learning approaches, dan real-time anomaly monitoring systems."
227,"Apakah ada program computational neuroscience?","Computational neuroscience mencakup neural modeling, brain simulation, dan understanding neural computation principles."
228,"Bagaimana sistem zero-shot learning approaches?","Zero-shot learning mencakup attribute-based learning, semantic embeddings, dan generalization to unseen classes."
229,"Apa saja automated feature engineering?","Feature engineering automation mencakup feature selection, transformation discovery, dan domain-specific feature generation."
230,"Apakah ada program robotic process automation?","RPA mencakup workflow automation, intelligent automation, dan integrating AI dengan business processes."
231,"Bagaimana sistem graph machine learning?","Graph ML mencakup graph neural networks, node classification, link prediction, dan learning pada graph-structured data."
232,"Apa saja attention mechanisms dan transformers?","Attention mechanisms mencakup self-attention, multi-head attention, transformer architectures, dan applications beyond NLP."
233,"Apakah ada program automated theorem proving?","Theorem proving mencakup formal verification, proof assistants, dan AI-assisted mathematical reasoning."
234,"Bagaimana sistem distributed deep learning?","Distributed DL mencakup data parallelism, model parallelism, gradient synchronization, dan scaling neural network training."
235,"Apa saja curriculum learning strategies?","Curriculum learning mencakup training data ordering, difficulty progression, dan improving learning efficiency."
236,"Apakah ada program multimodal fusion techniques?","Multimodal fusion mencakup early, late, dan hybrid fusion strategies for combining different data modalities."
237,"Bagaimana sistem automated model deployment?","Model deployment automation mencakup MLOps pipelines, model versioning, dan continuous deployment untuk machine learning."
238,"Apa saja probabilistic programming languages?","Probabilistic programming mencakup Bayesian inference, uncertainty quantification, dan probabilistic model construction."
239,"Apakah ada program cognitive computing systems?","Cognitive computing mencakup human-like reasoning, natural interaction, dan AI systems that augment human intelligence."
240,"Bagaimana sistem ensemble learning methods?","Ensemble methods mencakup bagging, boosting, stacking, dan combining multiple models untuk improved performance."
241,"Apa saja automated software testing dengan AI?","AI testing mencakup test case generation, bug prediction, dan intelligent testing strategies."
242,"Apakah ada program computational photography AI?","Photography AI mencakup image enhancement, style transfer, dan AI-powered camera applications."
243,"Bagaimana sistem adaptive streaming algorithms?","Adaptive streaming mencakup dynamic bitrate adjustment, network-aware streaming, dan QoE optimization."
244,"Apa saja neural architecture search techniques?","NAS mencakup automated neural network design, architecture optimization, dan efficient architecture discovery."
245,"Apakah ada program automated documentation generation?","Documentation automation mencakup code commenting, API documentation, dan natural language generation for docs."
246,"Bagaimana sistem cross-platform development optimization?","Cross-platform development mencakup performance optimization, native integration, dan unified development strategies."
247,"Apa saja semantic web dan linked data?","Semantic web mencakup RDF, ontologies, SPARQL, dan building interconnected data ecosystems."
248,"Apakah ada program automated UI/UX testing?","UI/UX testing automation mencakup usability testing, accessibility checking, dan user experience optimization."
249,"Bagaimana sistem intelligent caching strategies?","Intelligent caching mencakup machine learning for cache optimization, predictive caching, dan adaptive cache management."
250,"Apa saja future computing paradigms research?","Future computing mencakup DNA computing, optical computing, memristor-based computing, dan next-generation computational models."
251,"Apa visi Program Studi Informatika UMM?","Menjadi program studi informatika yang unggul, inovatif, dan berkarakter dalam pengembangan teknologi informasi dan komunikasi di tingkat nasional pada tahun 2025."
252,"Apa misi pertama Program Studi Informatika UMM?","Menyelenggarakan pendidikan tinggi informatika yang berkualitas dengan mengintegrasikan nilai-nilai Islam untuk menghasilkan lulusan yang kompeten dan berkarakter."
253,"Apa misi kedua Program Studi Informatika UMM?","Mengembangkan penelitian dalam bidang informatika yang inovatif dan berkelanjutan untuk kemajuan ilmu pengetahuan dan teknologi."
254,"Apa misi ketiga Program Studi Informatika UMM?","Menyelenggarakan pengabdian kepada masyarakat melalui penerapan teknologi informatika untuk meningkatkan kesejahteraan masyarakat."
255,"Apa misi keempat Program Studi Informatika UMM?","Menjalin kerjasama dengan berbagai pihak baik dalam negeri maupun luar negeri untuk pengembangan program studi."
256,"Kapan Program Studi Informatika UMM didirikan?","Program Studi Informatika UMM didirikan untuk memenuhi kebutuhan tenaga ahli di bidang teknologi informasi yang semakin berkembang."
257,"Apa keunggulan Program Studi Informatika UMM?","Keunggulan meliputi kurikulum yang selalu update mengikuti perkembangan teknologi, laboratorium lengkap, dosen berpengalaman, dan integrasi nilai-nilai Islam."
258,"Fasilitas apa saja yang tersedia di Program Studi Informatika UMM?","Fasilitas meliputi laboratorium komputer, laboratorium jaringan, laboratorium multimedia, ruang kuliah ber-AC, dan akses internet berkecepatan tinggi."
259,"Apa saja bidang konsentrasi di Program Studi Informatika UMM?","Bidang konsentrasi meliputi Software Engineering, Computer Network and Security, Multimedia and Game Technology, dan Artificial Intelligence."
260,"Bagaimana prospek karir lulusan Informatika UMM?","Lulusan dapat berkarir sebagai software developer, system analyst, network administrator, data scientist, game developer, dan konsultan IT."
261,"Apa saja mata kuliah inti di Program Studi Informatika UMM?","Mata kuliah inti meliputi Algoritma dan Pemrograman, Struktur Data, Basis Data, Jaringan Komputer, Rekayasa Perangkat Lunak, dan Kecerdasan Buatan."
262,"Bagaimana sistem pembelajaran di Program Studi Informatika UMM?","Sistem pembelajaran menggunakan metode student-centered learning dengan kombinasi teori dan praktik, serta penerapan teknologi terkini."
263,"Apa prestasi yang pernah diraih Program Studi Informatika UMM?","Program studi telah meraih berbagai prestasi dalam kompetisi programming, robotika, dan inovasi teknologi tingkat nasional."
264,"Bagaimana kualitas dosen di Program Studi Informatika UMM?","Dosen berkualifikasi minimal S2, banyak yang berpendidikan S3, memiliki pengalaman industri, dan aktif dalam penelitian."
265,"Apa saja kegiatan mahasiswa di Program Studi Informatika UMM?","Kegiatan meliputi organisasi kemahasiswaan, kompetisi programming, seminar teknologi, workshop, dan pengembangan project inovatif."
266,"Bagaimana sistem magang di Program Studi Informatika UMM?","Mahasiswa wajib mengikuti magang di industri untuk mendapatkan pengalaman kerja nyata dan membangun networking."
267,"Apa saja laboratorium yang tersedia untuk mahasiswa Informatika UMM?","Tersedia Lab Programming, Lab Jaringan, Lab Multimedia, Lab Mobile Computing, dan Lab Artificial Intelligence."
268,"Bagaimana dukungan untuk mahasiswa berprestasi di Informatika UMM?","Dukungan meliputi beasiswa prestasi, pendampingan kompetisi, akses ke pelatihan khusus, dan kesempatan menjadi asisten dosen."
269,"Apa saja kerjasama industri Program Studi Informatika UMM?","Kerjasama dengan berbagai perusahaan teknologi untuk magang, job fair, guest lecture, dan pengembangan kurikulum."
270,"Bagaimana proses penerimaan mahasiswa baru di Informatika UMM?","Penerimaan melalui jalur SNMPTN, SBMPTN, dan jalur mandiri dengan tes yang meliputi kemampuan dasar dan logika."
271,"Apa kompetensi utama lulusan Informatika UMM?","Kompetensi meliputi kemampuan programming, analisis sistem, desain database, keamanan jaringan, dan pengembangan aplikasi."
272,"Bagaimana integrasi nilai-nilai Islam dalam pembelajaran Informatika UMM?","Nilai-nilai Islam diintegrasikan melalui mata kuliah Informatika Islami, etika profesi, dan penerapan teknologi untuk kemaslahatan."
273,"Apa saja project akhir yang biasa dikerjakan mahasiswa Informatika UMM?","Project meliputi pengembangan aplikasi mobile, sistem informasi, game edukasi, aplikasi AI, dan sistem keamanan jaringan."
274,"Bagaimana fasilitas perpustakaan untuk mahasiswa Informatika UMM?","Perpustakaan menyediakan buku-buku informatika terkini, jurnal internasional, e-book, dan akses ke database online."
275,"Apa saja sertifikasi yang bisa didapat mahasiswa Informatika UMM?","Mahasiswa dapat memperoleh sertifikasi Oracle, Cisco, Microsoft, dan sertifikasi programming dari berbagai vendor teknologi."
276,"Bagaimana dukungan untuk startup mahasiswa di Informatika UMM?","Dukungan meliputi inkubator bisnis, mentoring, akses ke investor, dan program entrepreneurship technology."
277,"Apa saja komunitas mahasiswa di Program Studi Informatika UMM?","Komunitas meliputi Himpunan Mahasiswa Informatika, komunitas programming, robotika, dan pengembangan game."
278,"Bagaimana sistem bimbingan akademik di Informatika UMM?","Setiap mahasiswa memiliki dosen pembimbing akademik yang memberikan guidance dalam perancangan studi dan pengembangan karir."
279,"Apa saja workshop dan pelatihan yang tersedia di Informatika UMM?","Workshop meliputi teknologi terbaru seperti cloud computing, machine learning, blockchain, dan cybersecurity."
280,"Bagaimana alumni Informatika UMM berkontribusi ke program studi?","Alumni berkontribusi melalui guest lecture, mentoring, job referral, dan donasi untuk pengembangan fasilitas."
281,"Apa saja kompetisi yang diikuti mahasiswa Informatika UMM?","Kompetisi meliputi ACM ICPC, Gemastik, hackathon, kompetisi robotika, dan innovation challenge."
282,"Bagaimana sistem evaluasi pembelajaran di Informatika UMM?","Evaluasi menggunakan sistem yang komprehensif meliputi UTS, UAS, tugas, project, dan presentasi dengan bobot yang seimbang."
283,"Apa visi jangka panjang Program Studi Informatika UMM?","Menjadi program studi informatika terdepan yang menghasilkan lulusan global-ready dengan foundation nilai-nilai Islam."
284,"Bagaimana adaptasi kurikulum dengan perkembangan teknologi di Informatika UMM?","Kurikulum di-review secara berkala dan disesuaikan dengan tren teknologi terbaru serta kebutuhan industri."
285,"Apa saja mata kuliah pilihan yang tersedia di Informatika UMM?","Mata kuliah pilihan meliputi Mobile App Development, Data Mining, Computer Vision, Blockchain Technology, dan IoT."
286,"Bagaimana sistem praktikum di Program Studi Informatika UMM?","Praktikum dilakukan di laboratorium dengan peralatan modern dan dipandu oleh asisten yang kompeten."
287,"Apa peran Program Studi Informatika UMM dalam pengembangan teknologi nasional?","Berperan melalui penelitian inovatif, kerjasama industri, dan penyiapan SDM berkualitas di bidang teknologi."
288,"Bagaimana dukungan untuk mahasiswa yang ingin melanjutkan S2?","Dukungan meliputi bimbingan pemilihan program, persiapan tes, dan rekomendasi ke universitas terbaik."
289,"Apa saja publikasi ilmiah yang dihasilkan dosen Informatika UMM?","Dosen aktif mempublikasikan penelitian di jurnal internasional dan nasional terakreditasi serta konferensi bergengsi."
290,"Bagaimana Program Studi Informatika UMM menghadapi era digital?","Menghadapi dengan mempersiapkan kurikulum berbasis industri 4.0, pengembangan skill digital, dan adaptasi teknologi terbaru."
291,"Apa saja kegiatan pengabdian masyarakat yang dilakukan Informatika UMM?","Kegiatan meliputi pelatihan IT untuk masyarakat, pengembangan sistem informasi desa, dan digitalisasi UMKM."
292,"Bagaimana sistem mentoring untuk mahasiswa baru di Informatika UMM?","Mahasiswa baru mendapat mentor dari senior dan dosen untuk adaptasi akademik dan pengembangan soft skills."
293,"Apa saja beasiswa yang tersedia untuk mahasiswa Informatika UMM?","Beasiswa meliputi beasiswa prestasi akademik, beasiswa kurang mampu, dan beasiswa dari mitra industri."
294,"Bagaimana kualitas fasilitas teknologi di Informatika UMM?","Fasilitas menggunakan teknologi terkini dengan update berkala sesuai perkembangan teknologi industri."
295,"Apa komitmen Program Studi Informatika UMM terhadap kualitas pendidikan?","Komitmen pada continuous improvement, akreditasi unggul, dosen berkualitas, dan lulusan yang kompetitif."
296,"Bagaimana Program Studi Informatika UMM mendukung penelitian mahasiswa?","Dukungan melalui dana penelitian mahasiswa, akses jurnal, bimbingan intensif, dan kesempatan publikasi."
297,"Apa saja soft skills yang dikembangkan di Program Studi Informatika UMM?","Soft skills meliputi leadership, communication, teamwork, problem solving, dan entrepreneurship mindset."
298,"Bagaimana sistem quality assurance di Program Studi Informatika UMM?","Sistem QA meliputi evaluasi berkala, feedback stakeholder, dan perbaikan berkelanjutan sesuai standar nasional."
299,"Apa kontribusi Program Studi Informatika UMM untuk masyarakat?","Kontribusi melalui lulusan berkualitas, solusi teknologi, penelitian terapan, dan transfer knowledge ke masyarakat."
300,"Bagaimana visi masa depan Program Studi Informatika UMM dalam menghadapi tantangan global?","Visi menjadi program studi yang adaptive, innovative, dan mampu menghasilkan talenta teknologi berkelas dunia dengan karakter Islami."